question,gremlin_query
哪些由 James Earl Jones 出演的电影时长超过了 150 分钟，并列出它们的片名和时长？,"g.V().has('Person', 'name', 'James Earl Jones').out('ACTED_IN').has('duration', gt(150)).valueMap('title', 'duration')"
请找出 James Earl Jones 参演的所有影片中，播放时间大于 150 分钟的电影名称和对应时长。,"g.V().has('Person', 'name', 'James Earl Jones').out('ACTED_IN').has('duration', gt(150)).valueMap('title', 'duration')"
查询 James Earl Jones 主演的电影中，哪些片长超过两个半小时，显示这些影片的标题和具体时长。,"g.V().has('Person', 'name', 'James Earl Jones').out('ACTED_IN').has('duration', gt(150)).valueMap('title', 'duration')"
哪些电影或节目是由演员 Lee J. Cobb 出演的？,"g.V().has('Person', 'name', 'Lee J. Cobb').out('ACTED_IN').elementMap()"
Lee J. Cobb 参演过哪些作品？,"g.V().has('Person', 'name', 'Lee J. Cobb').out('ACTED_IN').elementMap()"
查询 Lee J. Cobb 作为演员参与的所有影视项目。,"g.V().has('Person', 'name', 'Lee J. Cobb').out('ACTED_IN').elementMap()"
有多少部电影是由 Benicio del Toro 执导的？,"g.V().has('Person', 'name', 'Benicio del Toro').out('DIRECTED').count()"
Benicio del Toro 作为导演参与了多少个项目？,"g.V().has('Person', 'name', 'Benicio del Toro').out('DIRECTED').count()"
统计 Benicio del Toro 执导的作品数量。,"g.V().has('Person', 'name', 'Benicio del Toro').out('DIRECTED').count()"
詹姆斯·重田出演了多少部电影？,"g.V().has('Person', 'name', 'James Shigeta').out('ACTED_IN').count()"
统计名为'James Shigeta'的演员参与演出的作品总数。,"g.V().has('Person', 'name', 'James Shigeta').out('ACTED_IN').count()"
查询'James Shigeta'这个人的表演作品数量有多少？,"g.V().has('Person', 'name', 'James Shigeta').out('ACTED_IN').count()"
哪些电影是由 Lawrence Kasdan 执导的？,"g.V().has('Person', 'name', 'Lawrence Kasdan').out('DIRECTED').elementMap()"
列出 Lawrence Kasdan 作为导演参与的所有作品。,"g.V().has('Person', 'name', 'Lawrence Kasdan').out('DIRECTED').elementMap()"
查询 Lawrence Kasdan 导演过的所有影视作品。,"g.V().has('Person', 'name', 'Lawrence Kasdan').out('DIRECTED').elementMap()"
"""Gastone Moschin 出演了多少部作品？""  ","g.V().has('Person', 'name', 'Gastone Moschin').out('ACTED_IN').count()"
"""统计 Gastone Moschin 作为演员参演过的电影总数。""  ","g.V().has('Person', 'name', 'Gastone Moschin').out('ACTED_IN').count()"
"""有多少部影视作品是由 Gastone Moschin 主演的？""","g.V().has('Person', 'name', 'Gastone Moschin').out('ACTED_IN').count()"
列出由 Mario Brega 出演且片长大于 120 分钟的所有影片名称和时长信息。,"g.V().has('Person', 'name', 'Mario Brega').out('ACTED_IN').has('duration', gt(120)).valueMap('title', 'duration')"
Mario Brega 参演了哪些时长超过两小时的电影？请提供片名和具体时长。,"g.V().has('Person', 'name', 'Mario Brega').out('ACTED_IN').has('duration', gt(120)).valueMap('title', 'duration')"
查询演员 Mario Brega 主演的电影中，哪些电影的播放时间超过了 120 分钟，并显示这些电影的标题和持续时间。,"g.V().has('Person', 'name', 'Mario Brega').out('ACTED_IN').has('duration', gt(120)).valueMap('title', 'duration')"
获取'Action'类型(Genre)的名称属性值是什么？,"g.V().has('Genre', 'name', 'Action').values('name')"
'Action'这个分类的名称字段内容是什么？,"g.V().has('Genre', 'name', 'Action').values('name')"
查询图数据库中标签为'Genre'且名称为'Action'的节点的name值。,"g.V().has('Genre', 'name', 'Action').values('name')"
列出由'Eion Bailey'出演且片长大于90分钟的电影名称和对应时长。,"g.V().has('Person', 'name', 'Eion Bailey').out('ACTED_IN').has('duration', gt(90)).valueMap('title', 'duration')"
哪些电影是Eion Bailey参演的并且时长超过了90分钟？请提供片名和具体片长。,"g.V().has('Person', 'name', 'Eion Bailey').out('ACTED_IN').has('duration', gt(90)).valueMap('title', 'duration')"
'Eion Bailey'主演的电影中，哪些影片的时长超过一个半小时？告诉我这些影片的标题和时长信息。,"g.V().has('Person', 'name', 'Eion Bailey').out('ACTED_IN').has('duration', gt(90)).valueMap('title', 'duration')"
哪些电影是由 Kevin Pollak 执导的？,"g.V().has('Person', 'name', 'Kevin Pollak').out('DIRECTED').elementMap()"
列出 Kevin Pollak 作为导演参与的所有作品。,"g.V().has('Person', 'name', 'Kevin Pollak').out('DIRECTED').elementMap()"
Kevin Pollak 导演了哪些影视作品？,"g.V().has('Person', 'name', 'Kevin Pollak').out('DIRECTED').elementMap()"
列出 Christopher Lee 出演且片长超过两小时的所有影片名称和时长信息。,"g.V().has('Person', 'name', 'Christopher Lee').out('ACTED_IN').has('duration', gt(120)).valueMap('title', 'duration')"
哪些由 Christopher Lee 参演的电影时长超过了 120 分钟？请提供片名和具体时长。,"g.V().has('Person', 'name', 'Christopher Lee').out('ACTED_IN').has('duration', gt(120)).valueMap('title', 'duration')"
查询 Christopher Lee 主演的超过 120 分钟的电影，显示它们的标题和持续时间。,"g.V().has('Person', 'name', 'Christopher Lee').out('ACTED_IN').has('duration', gt(120)).valueMap('title', 'duration')"
列出由 Lee Strasberg 出演且片长大于 150 分钟的所有影片名称及其对应时长。,"g.V().has('Person', 'name', 'Lee Strasberg').out('ACTED_IN').has('duration', gt(150)).valueMap('title', 'duration')"
哪些电影是 Lee Strasberg 参演的，并且播放时间超过了两个半小时？请提供片名和时长信息。,"g.V().has('Person', 'name', 'Lee Strasberg').out('ACTED_IN').has('duration', gt(150)).valueMap('title', 'duration')"
查询 Lee Strasberg 主演的电影中时长在 150 分钟以上的作品，返回这些电影的标题和具体片长。,"g.V().has('Person', 'name', 'Lee Strasberg').out('ACTED_IN').has('duration', gt(150)).valueMap('title', 'duration')"
列出 Frank Whaley 参演且片长大于 90 分钟的所有影片名称和时长信息。,"g.V().has('Person', 'name', 'Frank Whaley').out('ACTED_IN').has('duration', gt(90)).valueMap('title', 'duration')"
Frank Whaley 演过哪些时长超过一个半小时的电影？告诉我片名和具体时长。,"g.V().has('Person', 'name', 'Frank Whaley').out('ACTED_IN').has('duration', gt(90)).valueMap('title', 'duration')"
查询演员 Frank Whaley 出演的电影中，哪些时长超过 90 分钟，并显示这些电影的标题和持续时间。,"g.V().has('Person', 'name', 'Frank Whaley').out('ACTED_IN').has('duration', gt(90)).valueMap('title', 'duration')"
展示 Jon Favreau 出演过的电影涉及哪些类型，并列出完整路径  ,"g.V().has('Person', 'name', 'Jon Favreau').out('ACTED_IN').out('HAS_GENRE').path().by('name').by('title').by('name')"
Jon Favreau 演过的电影分别属于什么类型？请给出从演员到类型的完整关系路径  ,"g.V().has('Person', 'name', 'Jon Favreau').out('ACTED_IN').out('HAS_GENRE').path().by('name').by('title').by('name')"
列出演员 Jon Favreau 参演作品的所有电影类型，并显示从演员到类型的完整遍历路径,"g.V().has('Person', 'name', 'Jon Favreau').out('ACTED_IN').out('HAS_GENRE').path().by('name').by('title').by('name')"
有多少部电影是由'Iain Glen'执导的？,"g.V().has('Person', 'name', 'Iain Glen').out('DIRECTED').count()"
'Iain Glen'作为导演参与了多少作品的制作？,"g.V().has('Person', 'name', 'Iain Glen').out('DIRECTED').count()"
统计'Iain Glen'以DIRECTED关系连接的其他节点总数。,"g.V().has('Person', 'name', 'Iain Glen').out('DIRECTED').count()"
"""卡波特这部电影的宣传语是什么？""  ","g.V().has('Movie', 'title', 'Capote').values('tagline')"
"""请告诉我电影《卡波特》的标语内容。""  ","g.V().has('Movie', 'title', 'Capote').values('tagline')"
"""查询名为'Capote'的电影，获取它的tagline属性值。""","g.V().has('Movie', 'title', 'Capote').values('tagline')"
"""这部电影'The LEGO Movie'的时长是多少？""  ","g.V().has('Movie', 'title', 'The LEGO Movie').values('duration')"
"""查询电影'乐高大电影'的播放时长。""  ","g.V().has('Movie', 'title', 'The LEGO Movie').values('duration')"
"""请告诉我《乐高电影》的片长信息。""","g.V().has('Movie', 'title', 'The LEGO Movie').values('duration')"
哪些由 Cornel West 出演的电影时长超过两个半小时，并列出它们的片名和时长？  ,"g.V().has('Person', 'name', 'Cornel West').out('ACTED_IN').has('duration', gt(150)).valueMap('title', 'duration')"
请找出 Cornel West 参演的所有超过 150 分钟的电影，显示影片名称和播放时长。  ,"g.V().has('Person', 'name', 'Cornel West').out('ACTED_IN').has('duration', gt(150)).valueMap('title', 'duration')"
Cornel West 演过哪些电影？只返回时长大于 150 分钟的，并告诉我电影名和具体时长。,"g.V().has('Person', 'name', 'Cornel West').out('ACTED_IN').has('duration', gt(150)).valueMap('title', 'duration')"
哪些电影是由 Chris Buck 出演的？,"g.V().has('Person', 'name', 'Chris Buck').out('ACTED_IN').elementMap()"
Chris Buck 参演了哪些作品？,"g.V().has('Person', 'name', 'Chris Buck').out('ACTED_IN').elementMap()"
列出 Chris Buck 作为演员参与的所有实体。,"g.V().has('Person', 'name', 'Chris Buck').out('ACTED_IN').elementMap()"
哪些电影或作品是由演员 Zach Grenier 出演的？,"g.V().has('Person', 'name', 'Zach Grenier').out('ACTED_IN').elementMap()"
Zach Grenier 参演了哪些影视作品，请列出详细信息？,"g.V().has('Person', 'name', 'Zach Grenier').out('ACTED_IN').elementMap()"
查询 Zach Grenier 作为演员参与的所有项目及其属性。,"g.V().has('Person', 'name', 'Zach Grenier').out('ACTED_IN').elementMap()"
展示 Nash Edgerton 出演影片的所属类型及其完整路径关系。,"g.V().has('Person', 'name', 'Nash Edgerton').out('ACTED_IN').out('HAS_GENRE').path().by('name').by('title').by('name')"
Nash Edgerton 演过哪些电影？这些电影分别属于什么类型？请给出完整的关联路径。,"g.V().has('Person', 'name', 'Nash Edgerton').out('ACTED_IN').out('HAS_GENRE').path().by('name').by('title').by('name')"
列出演员 Nash Edgerton 参演作品所涉及的所有电影类型，并显示从演员到类型的完整连接路径。,"g.V().has('Person', 'name', 'Nash Edgerton').out('ACTED_IN').out('HAS_GENRE').path().by('name').by('title').by('name')"
获取类型为'Thriller'的Genre实体的名称属性值是什么？,"g.V().has('Genre', 'name', 'Thriller').values('name')"
查询名字为'Thriller'的流派(Genre)的名称字段。,"g.V().has('Genre', 'name', 'Thriller').values('name')"
给我找出所有标记为'Thriller'流派的名称信息。,"g.V().has('Genre', 'name', 'Thriller').values('name')"
哪些电影是由 Leigh Brackett 执导的？,"g.V().has('Person', 'name', 'Leigh Brackett').out('DIRECTED').elementMap()"
Leigh Brackett 作为导演参与了哪些作品？,"g.V().has('Person', 'name', 'Leigh Brackett').out('DIRECTED').elementMap()"
列出 Leigh Brackett 执导的所有实体信息。,"g.V().has('Person', 'name', 'Leigh Brackett').out('DIRECTED').elementMap()"
"""电影《非常嫌疑犯》的时长是多少？""  ","g.V().has('Movie', 'title', 'The Usual Suspects').values('duration')"
"""查询名为'The Usual Suspects'的电影持续了多长时间""  ","g.V().has('Movie', 'title', 'The Usual Suspects').values('duration')"
"""告诉我《非常嫌疑犯》这部影片的duration属性值""","g.V().has('Movie', 'title', 'The Usual Suspects').values('duration')"
有多少种电影类型与《沉默的羔羊》相关联？,"g.V().has('Movie', 'title', 'The Silence of the Lambs').out('HAS_GENRE').count()"
《沉默的羔羊》这部电影被划分到多少个不同的类型类别？,"g.V().has('Movie', 'title', 'The Silence of the Lambs').out('HAS_GENRE').count()"
统计《沉默的羔羊》拥有的电影类型数量。,"g.V().has('Movie', 'title', 'The Silence of the Lambs').out('HAS_GENRE').count()"
电影《The Monuments Men》的时长是多少？,"g.V().has('Movie', 'title', 'The Monuments Men').values('duration')"
查询影片《The Monuments Men》的播放时长。,"g.V().has('Movie', 'title', 'The Monuments Men').values('duration')"
《The Monuments Men》这部电影有多长时间？,"g.V().has('Movie', 'title', 'The Monuments Men').values('duration')"
列出由肖恩·康纳利出演且片长超过两小时的所有影片名称及其播放时长。,"g.V().has('Person', 'name', 'Sean Connery').out('ACTED_IN').has('duration', gt(120)).valueMap('title', 'duration')"
哪些电影是肖恩·康纳利主演的，并且时长超过了120分钟？请提供片名和具体时长。,"g.V().has('Person', 'name', 'Sean Connery').out('ACTED_IN').has('duration', gt(120)).valueMap('title', 'duration')"
查询时长大于120分钟，由Sean Connery参演的电影的标题和持续时间。,"g.V().has('Person', 'name', 'Sean Connery').out('ACTED_IN').has('duration', gt(120)).valueMap('title', 'duration')"
'Marianna Hill' 出演了多少部作品？,"g.V().has('Person', 'name', 'Marianna Hill').out('ACTED_IN').count()"
统计名为 'Marianna Hill' 的演员参与演出的电影总数。,"g.V().has('Person', 'name', 'Marianna Hill').out('ACTED_IN').count()"
查询 'Marianna Hill' 通过 ACTED_IN 关系连接了多少个节点？,"g.V().has('Person', 'name', 'Marianna Hill').out('ACTED_IN').count()"
哪些电影是由 Stephen J. Anderson 出演且片长超过两小时的？列出片名和时长。,"g.V().has('Person', 'name', 'Stephen J. Anderson').out('ACTED_IN').has('duration', gt(120)).valueMap('title', 'duration')"
查询 Stephen J. Anderson 参演的所有超过 120 分钟的电影，并显示它们的标题和时长信息。,"g.V().has('Person', 'name', 'Stephen J. Anderson').out('ACTED_IN').has('duration', gt(120)).valueMap('title', 'duration')"
给我找出 Stephen J. Anderson 主演的时长大于 120 分钟的电影，包括电影名称和具体时长数据。,"g.V().has('Person', 'name', 'Stephen J. Anderson').out('ACTED_IN').has('duration', gt(120)).valueMap('title', 'duration')"
Aziz Ansari (Person) 的出生年份是多少？,"g.V().has('Person', 'name', 'Aziz Ansari').values('born')"
查询人物 Aziz Ansari 的出生日期信息。,"g.V().has('Person', 'name', 'Aziz Ansari').values('born')"
请告诉我演员 Aziz Ansari 是什么时候出生的？,"g.V().has('Person', 'name', 'Aziz Ansari').values('born')"
哪些类型的电影与《阿甘正传》相关联？,"g.V().has('Movie', 'title', 'Forrest Gump').out('HAS_GENRE').elementMap()"
《阿甘正传》这部电影属于哪些分类？,"g.V().has('Movie', 'title', 'Forrest Gump').out('HAS_GENRE').elementMap()"
查询《阿甘正传》的所有电影类型信息。,"g.V().has('Movie', 'title', 'Forrest Gump').out('HAS_GENRE').elementMap()"
列出 Kirk De Micco 出演且片长大于 90 分钟的所有影片名称和时长信息,"g.V().has('Person', 'name', 'Kirk De Micco').out('ACTED_IN').has('duration', gt(90)).valueMap('title', 'duration')"
Kirk De Micco 演了哪些时长超过一个半小时的电影？告诉我片名和具体时长,"g.V().has('Person', 'name', 'Kirk De Micco').out('ACTED_IN').has('duration', gt(90)).valueMap('title', 'duration')"
查询 Kirk De Micco 参演的电影中，哪些的播放时间超过 90 分钟，并返回这些电影的标题和时长数据,"g.V().has('Person', 'name', 'Kirk De Micco').out('ACTED_IN').has('duration', gt(90)).valueMap('title', 'duration')"
"""羔羊的沉默""这部电影的标题是什么？","g.V().has('Movie', 'title', 'The Silence of the Lambs').values('title')"
"查询电影""The Silence of the Lambs""的title属性值。","g.V().has('Movie', 'title', 'The Silence of the Lambs').values('title')"
给我找出标为'Movie'类型且标题是'The Silence of the Lambs'的节点的title字段内容。,"g.V().has('Movie', 'title', 'The Silence of the Lambs').values('title')"
Talisa Soto 出演了多少部作品？,"g.V().has('Person', 'name', 'Talisa Soto').out('ACTED_IN').count()"
统计 Talisa Soto 作为演员参与的电影或节目总数。,"g.V().has('Person', 'name', 'Talisa Soto').out('ACTED_IN').count()"
有多少个影视项目是由 Talisa Soto 参演的？,"g.V().has('Person', 'name', 'Talisa Soto').out('ACTED_IN').count()"
列出由 Philip Seymour Hoffman 出演且片长大于90分钟的所有影片名称和时长信息。,"g.V().has('Person', 'name', 'Philip Seymour Hoffman').out('ACTED_IN').has('duration', gt(90)).valueMap('title', 'duration')"
Philip Seymour Hoffman 参演了哪些时长超过一个半小时的电影？请显示电影标题和播放时间。,"g.V().has('Person', 'name', 'Philip Seymour Hoffman').out('ACTED_IN').has('duration', gt(90)).valueMap('title', 'duration')"
查询演员 Philip Seymour Hoffman 主演的电影中，哪些电影的时长超过了90分钟，并返回这些电影的片名和时长数据。,"g.V().has('Person', 'name', 'Philip Seymour Hoffman').out('ACTED_IN').has('duration', gt(90)).valueMap('title', 'duration')"
列出 James Shigeta 参演的所有超过两小时的电影，并显示片名和时长。,"g.V().has('Person', 'name', 'James Shigeta').out('ACTED_IN').has('duration', gt(120)).valueMap('title', 'duration')"
James Shigeta 演过哪些时长大于 120 分钟的电影？请提供电影名称和具体时长。,"g.V().has('Person', 'name', 'James Shigeta').out('ACTED_IN').has('duration', gt(120)).valueMap('title', 'duration')"
检索由 James Shigeta 主演且放映时间超过 120 分钟的影片信息，包括片名和持续时间。,"g.V().has('Person', 'name', 'James Shigeta').out('ACTED_IN').has('duration', gt(120)).valueMap('title', 'duration')"
Rosanna Arquette 执导了哪些作品？,"g.V().has('Person', 'name', 'Rosanna Arquette').out('DIRECTED').elementMap()"
哪些实体是通过 DIRECTED 关系与 Rosanna Arquette 相连的？,"g.V().has('Person', 'name', 'Rosanna Arquette').out('DIRECTED').elementMap()"
查询 Rosanna Arquette 作为导演关联的所有节点信息。,"g.V().has('Person', 'name', 'Rosanna Arquette').out('DIRECTED').elementMap()"
Ralph Fiennes 导演了哪些作品？  ,"g.V().has('Person', 'name', 'Ralph Fiennes').out('DIRECTED').elementMap()"
列出由 Ralph Fiennes 执导的所有实体。  ,"g.V().has('Person', 'name', 'Ralph Fiennes').out('DIRECTED').elementMap()"
哪些实体是通过 DIRECTED 关系连接到名为 Ralph Fiennes 的人？,"g.V().has('Person', 'name', 'Ralph Fiennes').out('DIRECTED').elementMap()"
列出Anne Hathaway参演的所有超过150分钟的电影名称和对应时长。,"g.V().has('Person', 'name', 'Anne Hathaway').out('ACTED_IN').has('duration', gt(150)).valueMap('title', 'duration')"
Anne Hathaway演过哪些时长在150分钟以上的影片？请提供片名和具体时长。,"g.V().has('Person', 'name', 'Anne Hathaway').out('ACTED_IN').has('duration', gt(150)).valueMap('title', 'duration')"
查询由Anne Hathaway主演且电影时长大于150分钟的影片标题及播放时长信息。,"g.V().has('Person', 'name', 'Anne Hathaway').out('ACTED_IN').has('duration', gt(150)).valueMap('title', 'duration')"
列出'Eugenia Bostwick-Singer'参演的所有超过两小时的影片名称和对应时长。,"g.V().has('Person', 'name', 'Eugenia Bostwick-Singer').out('ACTED_IN').has('duration', gt(120)).valueMap('title', 'duration')"
哪些由'Eugenia Bostwick-Singer'出演的电影时长超过了120分钟？请提供片名和具体时长。,"g.V().has('Person', 'name', 'Eugenia Bostwick-Singer').out('ACTED_IN').has('duration', gt(120)).valueMap('title', 'duration')"
查询演员Eugenia Bostwick-Singer主演的哪些电影时长大于120分钟，并返回这些电影的标题和持续时间。,"g.V().has('Person', 'name', 'Eugenia Bostwick-Singer').out('ACTED_IN').has('duration', gt(120)).valueMap('title', 'duration')"
展示 Edward Norton 出演过的电影涉及哪些类型，并列出完整的路径关系。,"g.V().has('Person', 'name', 'Edward Norton').out('ACTED_IN').out('HAS_GENRE').path().by('name').by('title').by('name')"
Edward Norton 演过哪些类型的电影？请返回从演员到类型的完整路径信息。,"g.V().has('Person', 'name', 'Edward Norton').out('ACTED_IN').out('HAS_GENRE').path().by('name').by('title').by('name')"
请查询 Edward Norton 参演作品所属的电影类别，同时提供从演员到类型的完整遍历路径。,"g.V().has('Person', 'name', 'Edward Norton').out('ACTED_IN').out('HAS_GENRE').path().by('name').by('title').by('name')"
Max Charles演过的电影都分属哪些类型？请列出完整的路径信息。  ,"g.V().has('Person', 'name', 'Max Charles').out('ACTED_IN').out('HAS_GENRE').path().by('name').by('title').by('name')"
展示演员Max Charles参演影片所属的电影类别，并呈现从演员到类型的完整路径。  ,"g.V().has('Person', 'name', 'Max Charles').out('ACTED_IN').out('HAS_GENRE').path().by('name').by('title').by('name')"
哪些电影类型与Max Charles出演的作品相关联？需要看到从演员到类型的完整关系路径。,"g.V().has('Person', 'name', 'Max Charles').out('ACTED_IN').out('HAS_GENRE').path().by('name').by('title').by('name')"
哪些电影或实体是由名为'Bob Weinstein'的人出演的？,"g.V().has('Person', 'name', 'Bob Weinstein').out('ACTED_IN').elementMap()"
'Bob Weinstein'这个人参与了哪些作品的演出，列出这些作品的信息？,"g.V().has('Person', 'name', 'Bob Weinstein').out('ACTED_IN').elementMap()"
请找出所有'Bob Weinstein'以演员身份参与的项目详情。,"g.V().has('Person', 'name', 'Bob Weinstein').out('ACTED_IN').elementMap()"
Giovanni Ribisi 演过的电影涉及哪些类型？请显示完整的关联路径。  ,"g.V().has('Person', 'name', 'Giovanni Ribisi').out('ACTED_IN').out('HAS_GENRE').path().by('name').by('title').by('name')"
列出 Giovanni Ribisi 出演影片的类型，并返回从演员到类型的完整路径信息。  ,"g.V().has('Person', 'name', 'Giovanni Ribisi').out('ACTED_IN').out('HAS_GENRE').path().by('name').by('title').by('name')"
展示 Giovanni Ribisi 参演电影的所有类型，同时提供从演员到电影再到类型的完整路径细节。,"g.V().has('Person', 'name', 'Giovanni Ribisi').out('ACTED_IN').out('HAS_GENRE').path().by('name').by('title').by('name')"
"哪些电影类型的名称是""Comedy""？  ","g.V().has('Genre', 'name', 'Comedy').values('name')"
"给我列出所有属于""Comedy""类型的名称。  ","g.V().has('Genre', 'name', 'Comedy').values('name')"
"查询""Comedy""分类下有哪些名称值？","g.V().has('Genre', 'name', 'Comedy').values('name')"
Lana Wachowski的出生年份是多少？  ,"g.V().has('Person', 'name', 'Lana Wachowski').values('born')"
查询人物Lana Wachowski的出生日期信息。  ,"g.V().has('Person', 'name', 'Lana Wachowski').values('born')"
请告诉我导演Lana Wachowski是在哪一年出生的。,"g.V().has('Person', 'name', 'Lana Wachowski').values('born')"
展示 Clark Duke 出演电影所涉及的所有类型，并列出完整路径关系。  ,"g.V().has('Person', 'name', 'Clark Duke').out('ACTED_IN').out('HAS_GENRE').path().by('name').by('title').by('name')"
列出演员 Clark Duke 参演影片的所属类型，同时呈现从演员到类型的完整路径。  ,"g.V().has('Person', 'name', 'Clark Duke').out('ACTED_IN').out('HAS_GENRE').path().by('name').by('title').by('name')"
Clark Duke 演过的电影分别属于什么类型？要求返回包含演员、电影和类型的完整路径信息。,"g.V().has('Person', 'name', 'Clark Duke').out('ACTED_IN').out('HAS_GENRE').path().by('name').by('title').by('name')"
找出'Abe Vigoda'作为导演执导了多少部作品？,"g.V().has('Person', 'name', 'Abe Vigoda').out('DIRECTED').count()"
'Abe Vigoda'这个人总共导演过多少部电影或节目？,"g.V().has('Person', 'name', 'Abe Vigoda').out('DIRECTED').count()"
统计名为'Abe Vigoda'的人通过DIRECTED关系连接的项目总数。,"g.V().has('Person', 'name', 'Abe Vigoda').out('DIRECTED').count()"
哪些电影或作品是由 Melisa Wallack 出演的？,"g.V().has('Person', 'name', 'Melisa Wallack').out('ACTED_IN').elementMap()"
Melisa Wallack 参与了哪些作品的演出？请列出所有相关条目。,"g.V().has('Person', 'name', 'Melisa Wallack').out('ACTED_IN').elementMap()"
展示 Melisa Wallack 作为演员参演的所有影视项目。,"g.V().has('Person', 'name', 'Melisa Wallack').out('ACTED_IN').elementMap()"
哪些电影是由 Simon Kinberg 执导的？  ,"g.V().has('Person', 'name', 'Simon Kinberg').out('DIRECTED').elementMap()"
Simon Kinberg 作为导演参与了哪些作品？  ,"g.V().has('Person', 'name', 'Simon Kinberg').out('DIRECTED').elementMap()"
请列出所有 Simon Kinberg 导演过的影片信息。,"g.V().has('Person', 'name', 'Simon Kinberg').out('DIRECTED').elementMap()"
'Sterling Hayden' 执导了多少部作品？  ,"g.V().has('Person', 'name', 'Sterling Hayden').out('DIRECTED').count()"
统计名为 'Sterling Hayden' 的人作为导演关联的项目总数。  ,"g.V().has('Person', 'name', 'Sterling Hayden').out('DIRECTED').count()"
有多少实体是通过 'DIRECTED' 关系从 'Sterling Hayden' 这个人物节点出去的？,"g.V().has('Person', 'name', 'Sterling Hayden').out('DIRECTED').count()"
Lambert Wilson 出演了多少部作品？  ,"g.V().has('Person', 'name', 'Lambert Wilson').out('ACTED_IN').count()"
统计 Lambert Wilson 作为演员参与的电影或剧集总数。  ,"g.V().has('Person', 'name', 'Lambert Wilson').out('ACTED_IN').count()"
有多少个作品是 Lambert Wilson 参演的？,"g.V().has('Person', 'name', 'Lambert Wilson').out('ACTED_IN').count()"
Eric Singer这个人的出生年份是什么？,"g.V().has('Person', 'name', 'Eric Singer').values('born')"
查询Person类型中名为Eric Singer的born属性值。,"g.V().has('Person', 'name', 'Eric Singer').values('born')"
告诉我Eric Singer(Person)的出生日期信息。,"g.V().has('Person', 'name', 'Eric Singer').values('born')"
"""电影《黄金三镖客》的宣传语是什么？""  ","g.V().has('Movie', 'title', 'The Good the Bad and the Ugly').values('tagline')"
"""请告诉我《黄金三镖客》这部影片的标语内容。""  ","g.V().has('Movie', 'title', 'The Good the Bad and the Ugly').values('tagline')"
"""查询《黄金三镖客》(Movie)的tagline属性值。""","g.V().has('Movie', 'title', 'The Good the Bad and the Ugly').values('tagline')"
有多少部电影是由 Tim Roth 执导的？,"g.V().has('Person', 'name', 'Tim Roth').out('DIRECTED').count()"
Tim Roth 作为导演参与了多少个项目？,"g.V().has('Person', 'name', 'Tim Roth').out('DIRECTED').count()"
统计 Tim Roth 执导的作品总数是多少？,"g.V().has('Person', 'name', 'Tim Roth').out('DIRECTED').count()"
有多少种电影类型与《飞越疯人院》相关联？,"g.V().has('Movie', 'title', 'One Flew Over the Cuckoo\'s Nest').out('HAS_GENRE').count()"
《飞越疯人院》这部电影被划分到多少个不同的类型类别？,"g.V().has('Movie', 'title', 'One Flew Over the Cuckoo\'s Nest').out('HAS_GENRE').count()"
查询《飞越疯人院》这部影片拥有多少种不同的电影类型标签？,"g.V().has('Movie', 'title', 'One Flew Over the Cuckoo\'s Nest').out('HAS_GENRE').count()"
列出由Cillian Murphy出演且片长超过150分钟的所有电影名称及其时长。,"g.V().has('Person', 'name', 'Cillian Murphy').out('ACTED_IN').has('duration', gt(150)).valueMap('title', 'duration')"
哪些电影的时长超过两个半小时且由Cillian Murphy主演？请提供片名和具体时长。,"g.V().has('Person', 'name', 'Cillian Murphy').out('ACTED_IN').has('duration', gt(150)).valueMap('title', 'duration')"
查询Cillian Murphy参演的电影中，哪些时长在150分钟以上？显示这些影片的标题和持续时间。,"g.V().has('Person', 'name', 'Cillian Murphy').out('ACTED_IN').has('duration', gt(150)).valueMap('title', 'duration')"
Drew Maxwell这个人的出生年份是多少？,"g.V().has('Person', 'name', 'Drew Maxwell').values('born')"
查询Person类型中名为Drew Maxwell的实体的born属性值。,"g.V().has('Person', 'name', 'Drew Maxwell').values('born')"
告诉我Drew Maxwell的出生日期信息。,"g.V().has('Person', 'name', 'Drew Maxwell').values('born')"
'The Dark Knight Rises'这部电影属于哪些类型？,"g.V().has('Movie', 'title', 'The Dark Knight Rises').out('HAS_GENRE').elementMap()"
列出与电影《黑暗骑士崛起》相关联的所有电影类型。,"g.V().has('Movie', 'title', 'The Dark Knight Rises').out('HAS_GENRE').elementMap()"
查询《黑暗骑士崛起》这部影片所拥有的全部类型标签。,"g.V().has('Movie', 'title', 'The Dark Knight Rises').out('HAS_GENRE').elementMap()"
哪些电影有 George A. Romero 参演？,"g.V().has('Person', 'name', 'George A. Romero').out('ACTED_IN').elementMap()"
George A. Romero 出演过哪些作品？,"g.V().has('Person', 'name', 'George A. Romero').out('ACTED_IN').elementMap()"
查询 George A. Romero 作为演员参与的所有影视项目。,"g.V().has('Person', 'name', 'George A. Romero').out('ACTED_IN').elementMap()"
"""科幻""这个分类的名称是什么？","g.V().has('Genre', 'name', 'Sci-Fi').values('name')"
"获取类型为""科幻""的所有实体的name字段值","g.V().has('Genre', 'name', 'Sci-Fi').values('name')"
"列出所有标记为""Sci-Fi""类型的名称属性","g.V().has('Genre', 'name', 'Sci-Fi').values('name')"
哪些电影有 Phil Lord 参演？,"g.V().has('Person', 'name', 'Phil Lord').out('ACTED_IN').elementMap()"
Phil Lord 出演过哪些作品？,"g.V().has('Person', 'name', 'Phil Lord').out('ACTED_IN').elementMap()"
列出所有 Phil Lord 参与演出的实体。,"g.V().has('Person', 'name', 'Phil Lord').out('ACTED_IN').elementMap()"
哪些由 Michael Gambon 出演的电影时长超过了 150 分钟？请列出片名和时长。  ,"g.V().has('Person', 'name', 'Michael Gambon').out('ACTED_IN').has('duration', gt(150)).valueMap('title', 'duration')"
Michael Gambon 演过哪些时长在 150 分钟以上的影片？告诉我电影名称和播放时间。  ,"g.V().has('Person', 'name', 'Michael Gambon').out('ACTED_IN').has('duration', gt(150)).valueMap('title', 'duration')"
请查询 Michael Gambon 主演的且电影时长大于 150 分钟的作品，返回片名和时长信息。,"g.V().has('Person', 'name', 'Michael Gambon').out('ACTED_IN').has('duration', gt(150)).valueMap('title', 'duration')"
列出 Gwyneth Paltrow 参演的电影中片长大于 150 分钟的影片名称和对应时长。,"g.V().has('Person', 'name', 'Gwyneth Paltrow').out('ACTED_IN').has('duration', gt(150)).valueMap('title', 'duration')"
Gwyneth Paltrow 演过哪些时长超过两个半小时的电影？请显示电影标题和具体片长。,"g.V().has('Person', 'name', 'Gwyneth Paltrow').out('ACTED_IN').has('duration', gt(150)).valueMap('title', 'duration')"
查询 Gwyneth Paltrow 主演的电影，筛选出时长超过 150 分钟的，并返回这些电影的片名和时长信息。,"g.V().has('Person', 'name', 'Gwyneth Paltrow').out('ACTED_IN').has('duration', gt(150)).valueMap('title', 'duration')"
威廉·萨德勒出演的电影涉及哪些类型？请显示完整的关联路径。,"g.V().has('Person', 'name', 'William Sadler').out('ACTED_IN').out('HAS_GENRE').path().by('name').by('title').by('name')"
列出演员William Sadler所有参演影片的电影类型，并展示从演员到类型的完整关系路径。,"g.V().has('Person', 'name', 'William Sadler').out('ACTED_IN').out('HAS_GENRE').path().by('name').by('title').by('name')"
展示William Sadler参演过的电影及其对应的类型，要求包含完整的关联路径信息。,"g.V().has('Person', 'name', 'William Sadler').out('ACTED_IN').out('HAS_GENRE').path().by('name').by('title').by('name')"
列出 Jon Favreau 参演的所有片长超过两小时的影片名称和时长信息,"g.V().has('Person', 'name', 'Jon Favreau').out('ACTED_IN').has('duration', gt(120)).valueMap('title', 'duration')"
Jon Favreau 演过哪些时长大于 120 分钟的电影？请显示片名和具体时长,"g.V().has('Person', 'name', 'Jon Favreau').out('ACTED_IN').has('duration', gt(120)).valueMap('title', 'duration')"
给我找出由 Jon Favreau 出演且放映时间超过 120 分钟的电影标题及其对应时长,"g.V().has('Person', 'name', 'Jon Favreau').out('ACTED_IN').has('duration', gt(120)).valueMap('title', 'duration')"
哪些电影是由 Carrie Fisher 执导的？,"g.V().has('Person', 'name', 'Carrie Fisher').out('DIRECTED').elementMap()"
Carrie Fisher 作为导演参与了哪些作品？,"g.V().has('Person', 'name', 'Carrie Fisher').out('DIRECTED').elementMap()"
找出 Carrie Fisher 执导的所有实体。,"g.V().has('Person', 'name', 'Carrie Fisher').out('DIRECTED').elementMap()"
"""RoboCop""这部电影关联了多少种不同类型的电影流派？  ","g.V().has('Movie', 'title', 'RoboCop').out('HAS_GENRE').count()"
"统计一下""RoboCop""这部影片通过HAS_GENRE边连接了多少个流派节点。  ","g.V().has('Movie', 'title', 'RoboCop').out('HAS_GENRE').count()"
"查询名为""RoboCop""的电影节点，其出方向HAS_GENRE边的目标顶点总数是多少？","g.V().has('Movie', 'title', 'RoboCop').out('HAS_GENRE').count()"
有多少部电影是由演员 Denis O'Hare 出演的？  ,"g.V().has('Person', 'name', 'Denis O\'Hare').out('ACTED_IN').count()"
Denis O'Hare 参与了多少个作品的演出？  ,"g.V().has('Person', 'name', 'Denis O\'Hare').out('ACTED_IN').count()"
统计 Denis O'Hare 作为演员参演过的所有影视项目的总数。,"g.V().has('Person', 'name', 'Denis O\'Hare').out('ACTED_IN').count()"
列出 Martin Balsam 出演的所有电影中片长超过两小时的影片名称和时长。,"g.V().has('Person', 'name', 'Martin Balsam').out('ACTED_IN').has('duration', gt(120)).valueMap('title', 'duration')"
哪些由 Martin Balsam 参演的电影时长超过了120分钟？请提供片名和具体时长。,"g.V().has('Person', 'name', 'Martin Balsam').out('ACTED_IN').has('duration', gt(120)).valueMap('title', 'duration')"
查询 Martin Balsam 作为演员参与的时长大于120分钟的电影，返回这些电影的标题和持续时间。,"g.V().has('Person', 'name', 'Martin Balsam').out('ACTED_IN').has('duration', gt(120)).valueMap('title', 'duration')"
找出电影《指环王：王者归来》关联了多少种不同类型的电影类型？  ,"g.V().has('Movie', 'title', 'The Lord of the Rings: The Return of the King').out('HAS_GENRE').count()"
《指环王：王者归来》这部电影被标记了多少个分类标签？  ,"g.V().has('Movie', 'title', 'The Lord of the Rings: The Return of the King').out('HAS_GENRE').count()"
统计《指环王：王者归来》这部影片拥有多少个电影类型关联？,"g.V().has('Movie', 'title', 'The Lord of the Rings: The Return of the King').out('HAS_GENRE').count()"
Thomas Harris 出演了哪些类型的电影？请显示从演员到类型的完整路径。  ,"g.V().has('Person', 'name', 'Thomas Harris').out('ACTED_IN').out('HAS_GENRE').path().by('name').by('title').by('name')"
列出 Thomas Harris 参演电影的所有类型，并展示这些关系的遍历路径。  ,"g.V().has('Person', 'name', 'Thomas Harris').out('ACTED_IN').out('HAS_GENRE').path().by('name').by('title').by('name')"
展示演员 Thomas Harris 参演过的电影类型，要求包含从演员到类型的完整路径信息。,"g.V().has('Person', 'name', 'Thomas Harris').out('ACTED_IN').out('HAS_GENRE').path().by('name').by('title').by('name')"
Eugenia Bostwick-Singer 这个人的名字是什么？,"g.V().has('Person', 'name', 'Eugenia Bostwick-Singer').values('name')"
获取 Person 类型中名为 Eugenia Bostwick-Singer 的节点的 name 属性值,"g.V().has('Person', 'name', 'Eugenia Bostwick-Singer').values('name')"
查询一下 Eugenia Bostwick-Singer 这位 Person 实体的姓名信息,"g.V().has('Person', 'name', 'Eugenia Bostwick-Singer').values('name')"
哪些由 Anthony Ray Parker 出演的电影时长超过 90 分钟，并列出片名和时长？,"g.V().has('Person', 'name', 'Anthony Ray Parker').out('ACTED_IN').has('duration', gt(90)).valueMap('title', 'duration')"
请找出 Anthony Ray Parker 参演的所有超过 90 分钟的电影，显示标题和持续时间。,"g.V().has('Person', 'name', 'Anthony Ray Parker').out('ACTED_IN').has('duration', gt(90)).valueMap('title', 'duration')"
展示 Anthony Ray Parker 主演的影片中时长大于 90 分钟的作品名称及其具体时长。,"g.V().has('Person', 'name', 'Anthony Ray Parker').out('ACTED_IN').has('duration', gt(90)).valueMap('title', 'duration')"
展示 Bradley Cooper 出演过的电影分别属于什么类型，并给出完整的路径关系。,"g.V().has('Person', 'name', 'Bradley Cooper').out('ACTED_IN').out('HAS_GENRE').path().by('name').by('title').by('name')"
Bradley Cooper 参演了哪些电影？这些电影各自属于什么类型？请用路径形式呈现结果。,"g.V().has('Person', 'name', 'Bradley Cooper').out('ACTED_IN').out('HAS_GENRE').path().by('name').by('title').by('name')"
请列出 Bradley Cooper 演过的所有电影及其对应的影片类型，要求显示完整的遍历路径。,"g.V().has('Person', 'name', 'Bradley Cooper').out('ACTED_IN').out('HAS_GENRE').path().by('name').by('title').by('name')"
列出Jon Favreau参演的所有超过90分钟的电影名称和时长。,"g.V().has('Person', 'name', 'Jon Favreau').out('ACTED_IN').has('duration', gt(90)).valueMap('title', 'duration')"
Jon Favreau演过哪些时长大于90分钟的影片？请提供片名和具体时长。,"g.V().has('Person', 'name', 'Jon Favreau').out('ACTED_IN').has('duration', gt(90)).valueMap('title', 'duration')"
查询演员Jon Favreau主演的电影中，哪些片长超过90分钟，并显示这些电影的标题和时长信息。,"g.V().has('Person', 'name', 'Jon Favreau').out('ACTED_IN').has('duration', gt(90)).valueMap('title', 'duration')"
乔治·克鲁尼演过的电影都分属哪些类型？列出完整的关联路径。,"g.V().has('Person', 'name', 'George Clooney').out('ACTED_IN').out('HAS_GENRE').path().by('name').by('title').by('name')"
展示演员乔治·克鲁尼所有参演影片的类型，并呈现完整的名称路径关系。,"g.V().has('Person', 'name', 'George Clooney').out('ACTED_IN').out('HAS_GENRE').path().by('name').by('title').by('name')"
哪些电影类型与乔治·克鲁尼出演的作品相关？需要包含从演员到类型的完整名称路径。,"g.V().has('Person', 'name', 'George Clooney').out('ACTED_IN').out('HAS_GENRE').path().by('name').by('title').by('name')"
展示 Chris Hemsworth 出演的电影涉及哪些电影类型，并列出完整的关系路径。  ,"g.V().has('Person', 'name', 'Chris Hemsworth').out('ACTED_IN').out('HAS_GENRE').path().by('name').by('title').by('name')"
Chris Hemsworth 演过的电影都属于什么类型？请把从演员到类型的完整路径显示出来。  ,"g.V().has('Person', 'name', 'Chris Hemsworth').out('ACTED_IN').out('HAS_GENRE').path().by('name').by('title').by('name')"
列出演员 Chris Hemsworth 参演影片的类型信息，同时呈现从演员到类型的完整遍历路径。,"g.V().has('Person', 'name', 'Chris Hemsworth').out('ACTED_IN').out('HAS_GENRE').path().by('name').by('title').by('name')"
Kurt Johnstad 演过的电影涉及哪些类型？请显示完整的路径信息。,"g.V().has('Person', 'name', 'Kurt Johnstad').out('ACTED_IN').out('HAS_GENRE').path().by('name').by('title').by('name')"
列出演员 Kurt Johnstad 参演影片的所有电影类型，并展示从演员到类型的完整关系路径。,"g.V().has('Person', 'name', 'Kurt Johnstad').out('ACTED_IN').out('HAS_GENRE').path().by('name').by('title').by('name')"
显示 Kurt Johnstad 出演的电影所属的各个类型，要求包含从演员到类型的完整路径细节。,"g.V().has('Person', 'name', 'Kurt Johnstad').out('ACTED_IN').out('HAS_GENRE').path().by('name').by('title').by('name')"
有多少个类型与电影《黑客帝国3：矩阵革命》相关联？,"g.V().has('Movie', 'title', 'The Matrix Revolutions').out('HAS_GENRE').count()"
《黑客帝国3：矩阵革命》这部电影被标记了多少种不同的类型？,"g.V().has('Movie', 'title', 'The Matrix Revolutions').out('HAS_GENRE').count()"
查询《黑客帝国3：矩阵革命》拥有的类型数量。,"g.V().has('Movie', 'title', 'The Matrix Revolutions').out('HAS_GENRE').count()"
列出 Derek Mears 参演的所有时长超过两小时的电影名称和对应时长。,"g.V().has('Person', 'name', 'Derek Mears').out('ACTED_IN').has('duration', gt(120)).valueMap('title', 'duration')"
Derek Mears 演过哪些电影，要求片长大于 120 分钟，并显示片名和时长信息？,"g.V().has('Person', 'name', 'Derek Mears').out('ACTED_IN').has('duration', gt(120)).valueMap('title', 'duration')"
查询演员 Derek Mears 出演的超过 120 分钟的电影，返回影片标题和具体时长。,"g.V().has('Person', 'name', 'Derek Mears').out('ACTED_IN').has('duration', gt(120)).valueMap('title', 'duration')"
电影《Solomon Kane》的标题是什么？,"g.V().has('Movie', 'title', 'Solomon Kane').values('title')"
"查询名为""Solomon Kane""的电影标题。","g.V().has('Movie', 'title', 'Solomon Kane').values('title')"
告诉我Movie类型中title属性为'Solomon Kane'的节点对应的title值。,"g.V().has('Movie', 'title', 'Solomon Kane').values('title')"
有多少种电影类型与《星球大战：新希望》相关联？,"g.V().has('Movie', 'title', 'Star Wars: Episode IV - A New Hope').out('HAS_GENRE').count()"
《星球大战第四部：新希望》这部电影被划分到几个不同的类型类别？,"g.V().has('Movie', 'title', 'Star Wars: Episode IV - A New Hope').out('HAS_GENRE').count()"
查询《星球大战：新希望》这部电影拥有多少个不同的类型标签？,"g.V().has('Movie', 'title', 'Star Wars: Episode IV - A New Hope').out('HAS_GENRE').count()"
哪些由 Billy Dee Williams 出演的影片时长超过了 90 分钟？请列出片名和时长。,"g.V().has('Person', 'name', 'Billy Dee Williams').out('ACTED_IN').has('duration', gt(90)).valueMap('title', 'duration')"
给我找出 Billy Dee Williams 参演且放映时间大于 90 分钟的所有电影，包括标题和持续时间。,"g.V().has('Person', 'name', 'Billy Dee Williams').out('ACTED_IN').has('duration', gt(90)).valueMap('title', 'duration')"
查询 Billy Dee Williams 主演的电影中时长超过一个半小时的作品名称及其对应时长。,"g.V().has('Person', 'name', 'Billy Dee Williams').out('ACTED_IN').has('duration', gt(90)).valueMap('title', 'duration')"
获取电影《Gravity》的标题是什么？,"g.V().has('Movie', 'title', 'Gravity').values('title')"
电影《Gravity》的片名怎么查？,"g.V().has('Movie', 'title', 'Gravity').values('title')"
"查询名为""Gravity""的电影标题值。","g.V().has('Movie', 'title', 'Gravity').values('title')"
找出电影《指环王：双塔奇兵》所属的所有电影类型。,"g.V().has('Movie', 'title', 'The Lord of the Rings: The Two Towers').out('HAS_GENRE').elementMap()"
《指环王：双塔奇兵》这部电影被归类为哪些类型？,"g.V().has('Movie', 'title', 'The Lord of the Rings: The Two Towers').out('HAS_GENRE').elementMap()"
查询与《指环王：双塔奇兵》相关联的所有电影类型有哪些？,"g.V().has('Movie', 'title', 'The Lord of the Rings: The Two Towers').out('HAS_GENRE').elementMap()"
列出 Cate Blanchett 出演的所有超过 90 分钟的电影名称和对应时长。,"g.V().has('Person', 'name', 'Cate Blanchett').out('ACTED_IN').has('duration', gt(90)).valueMap('title', 'duration')"
Cate Blanchett 演了哪些时长大于 90 分钟的电影？告诉我片名和时长。,"g.V().has('Person', 'name', 'Cate Blanchett').out('ACTED_IN').has('duration', gt(90)).valueMap('title', 'duration')"
查询 Cate Blanchett 主演的电影中，哪些片长超过 90 分钟，并显示片名和时长信息。,"g.V().has('Person', 'name', 'Cate Blanchett').out('ACTED_IN').has('duration', gt(90)).valueMap('title', 'duration')"
列出 Jeremy Renner 出演的那些片长超过两小时的电影名称和时长。,"g.V().has('Person', 'name', 'Jeremy Renner').out('ACTED_IN').has('duration', gt(120)).valueMap('title', 'duration')"
Jeremy Renner 演了哪些时长在 120 分钟以上的影片？告诉我片名和具体时长。,"g.V().has('Person', 'name', 'Jeremy Renner').out('ACTED_IN').has('duration', gt(120)).valueMap('title', 'duration')"
查询 Jeremy Renner 主演的电影中，哪些电影的播放时间超过了 120 分钟，并显示这些电影的标题和时长信息。,"g.V().has('Person', 'name', 'Jeremy Renner').out('ACTED_IN').has('duration', gt(120)).valueMap('title', 'duration')"
Vincent Schiavelli 出演了多少部作品？,"g.V().has('Person', 'name', 'Vincent Schiavelli').out('ACTED_IN').count()"
统计 Vincent Schiavelli 作为演员参演的影视作品总数。,"g.V().has('Person', 'name', 'Vincent Schiavelli').out('ACTED_IN').count()"
有多少条 ACTED_IN 关系从 Vincent Schiavelli 节点出发？,"g.V().has('Person', 'name', 'Vincent Schiavelli').out('ACTED_IN').count()"
列出 Billy Dee Williams 参演的所有超过两小时的电影名称和对应时长。,"g.V().has('Person', 'name', 'Billy Dee Williams').out('ACTED_IN').has('duration', gt(120)).valueMap('title', 'duration')"
哪些由 Billy Dee Williams 出演的电影时长超过了120分钟？请提供片名和具体时长。,"g.V().has('Person', 'name', 'Billy Dee Williams').out('ACTED_IN').has('duration', gt(120)).valueMap('title', 'duration')"
查询 Billy Dee Williams 主演的电影中，放映时间大于120分钟的影片标题及持续时间。,"g.V().has('Person', 'name', 'Billy Dee Williams').out('ACTED_IN').has('duration', gt(120)).valueMap('title', 'duration')"
列出 Christian Bale 出演且片长超过一个半小时的所有影片名称和时长。,"g.V().has('Person', 'name', 'Christian Bale').out('ACTED_IN').has('duration', gt(90)).valueMap('title', 'duration')"
Christian Bale 演了哪些时长超过 90 分钟的电影？告诉我电影名和具体片长。,"g.V().has('Person', 'name', 'Christian Bale').out('ACTED_IN').has('duration', gt(90)).valueMap('title', 'duration')"
查询由 Christian Bale 主演的，播放时间大于 90 分钟的影视作品，返回作品标题和时长信息。,"g.V().has('Person', 'name', 'Christian Bale').out('ACTED_IN').has('duration', gt(90)).valueMap('title', 'duration')"
获取名为'Rudy Bond'的Person实体的名称属性是什么？,"g.V().has('Person', 'name', 'Rudy Bond').values('name')"
查询人物Rudy Bond的姓名信息。,"g.V().has('Person', 'name', 'Rudy Bond').values('name')"
在图中找出类型为Person且名字是Rudy Bond的节点，返回其name字段值。,"g.V().has('Person', 'name', 'Rudy Bond').values('name')"
Dileep Rao 作为导演参与了多少部作品？,"g.V().has('Person', 'name', 'Dileep Rao').out('DIRECTED').count()"
有多少部电影是由名为 Dileep Rao 的人执导的？,"g.V().has('Person', 'name', 'Dileep Rao').out('DIRECTED').count()"
查询 Person 节点 Dileep Rao 通过 DIRECTED 边指向的节点总数是多少？,"g.V().has('Person', 'name', 'Dileep Rao').out('DIRECTED').count()"
Cate Blanchett出演了哪些电影或作品？,"g.V().has('Person', 'name', 'Cate Blanchett').out('ACTED_IN').elementMap()"
列出所有由Cate Blanchett参演的影视作品。,"g.V().has('Person', 'name', 'Cate Blanchett').out('ACTED_IN').elementMap()"
哪些作品中有Cate Blanchett的演出记录？,"g.V().has('Person', 'name', 'Cate Blanchett').out('ACTED_IN').elementMap()"
展示演员 John Noble 出演影片所涉及的所有电影类型，并列出完整的关联路径。,"g.V().has('Person', 'name', 'John Noble').out('ACTED_IN').out('HAS_GENRE').path().by('name').by('title').by('name')"
John Noble 演过哪些类型的电影？请给出从演员到类型的完整路径关系。,"g.V().has('Person', 'name', 'John Noble').out('ACTED_IN').out('HAS_GENRE').path().by('name').by('title').by('name')"
请查询 John Noble 参演作品与其对应电影类型的完整路径信息，包括中间节点。,"g.V().has('Person', 'name', 'John Noble').out('ACTED_IN').out('HAS_GENRE').path().by('name').by('title').by('name')"
列出由 Dan Hedaya 出演且片长超过 150 分钟的所有影片名称和对应时长。,"g.V().has('Person', 'name', 'Dan Hedaya').out('ACTED_IN').has('duration', gt(150)).valueMap('title', 'duration')"
哪些电影是 Dan Hedaya 参演并且时长大于 150 分钟的？请提供片名和具体片长。,"g.V().has('Person', 'name', 'Dan Hedaya').out('ACTED_IN').has('duration', gt(150)).valueMap('title', 'duration')"
查询 Dan Hedaya 主演的电影中，哪些时长超过两个半小时？显示这些电影的标题和播放时间。,"g.V().has('Person', 'name', 'Dan Hedaya').out('ACTED_IN').has('duration', gt(150)).valueMap('title', 'duration')"
展示 Maria de Medeiros 出演过的电影涉及哪些类型，并列出完整路径关系  ,"g.V().has('Person', 'name', 'Maria de Medeiros').out('ACTED_IN').out('HAS_GENRE').path().by('name').by('title').by('name')"
Maria de Medeiros 参演的电影都归类到哪些类型？需要看到从演员到类型的完整路径  ,"g.V().has('Person', 'name', 'Maria de Medeiros').out('ACTED_IN').out('HAS_GENRE').path().by('name').by('title').by('name')"
请查询演员 Maria de Medeiros 通过出演电影关联到的所有电影类型，并返回完整的遍历路径,"g.V().has('Person', 'name', 'Maria de Medeiros').out('ACTED_IN').out('HAS_GENRE').path().by('name').by('title').by('name')"
Rodrigo Santoro出演了哪些电影，这些电影分别属于什么类型？请显示完整路径。  ,"g.V().has('Person', 'name', 'Rodrigo Santoro').out('ACTED_IN').out('HAS_GENRE').path().by('name').by('title').by('name')"
展示演员Rodrigo Santoro参演影片的类型，并列出从演员到类型的完整关系路径。  ,"g.V().has('Person', 'name', 'Rodrigo Santoro').out('ACTED_IN').out('HAS_GENRE').path().by('name').by('title').by('name')"
Rodrigo Santoro演过的电影涉及哪些类型？要求返回演员、电影和类型之间的路径信息。,"g.V().has('Person', 'name', 'Rodrigo Santoro').out('ACTED_IN').out('HAS_GENRE').path().by('name').by('title').by('name')"
哪些由 Asa Butterfield 出演的电影时长超过了 2 小时，并列出它们的片名和时长？,"g.V().has('Person', 'name', 'Asa Butterfield').out('ACTED_IN').has('duration', gt(120)).valueMap('title', 'duration')"
请找出 Asa Butterfield 参演且放映时间大于 120 分钟的所有影片，显示电影名称和持续时间。,"g.V().has('Person', 'name', 'Asa Butterfield').out('ACTED_IN').has('duration', gt(120)).valueMap('title', 'duration')"
Asa Butterfield 演过哪些超过两小时的电影？告诉我这些电影的名字和具体时长。,"g.V().has('Person', 'name', 'Asa Butterfield').out('ACTED_IN').has('duration', gt(120)).valueMap('title', 'duration')"
"哪些电影类型的名称是""Drama""？","g.V().has('Genre', 'name', 'Drama').values('name')"
"""Drama""这个分类对应的名称是什么？","g.V().has('Genre', 'name', 'Drama').values('name')"
"请找出所有标签为""Drama""的类型的名称。","g.V().has('Genre', 'name', 'Drama').values('name')"
列出演员 John Marley 出演过的所有电影及其对应的电影类型，显示完整路径。,"g.V().has('Person', 'name', 'John Marley').out('ACTED_IN').out('HAS_GENRE').path().by('name').by('title').by('name')"
John Marley 参演了哪些电影？这些电影分别属于什么类型？请返回从演员到类型的完整路径。,"g.V().has('Person', 'name', 'John Marley').out('ACTED_IN').out('HAS_GENRE').path().by('name').by('title').by('name')"
展示从演员 John Marley 出发，通过他参演的电影最终到达电影类型的所有路径，包含各节点名称。,"g.V().has('Person', 'name', 'John Marley').out('ACTED_IN').out('HAS_GENRE').path().by('name').by('title').by('name')"
Bruno Kirby 执导了多少部作品？  ,"g.V().has('Person', 'name', 'Bruno Kirby').out('DIRECTED').count()"
统计名为 Bruno Kirby 的人作为导演参与的项目总数。  ,"g.V().has('Person', 'name', 'Bruno Kirby').out('DIRECTED').count()"
有多少个实体是通过 DIRECTED 关系从 Bruno Kirby 这个人物节点出发的？,"g.V().has('Person', 'name', 'Bruno Kirby').out('DIRECTED').count()"
Harry Lloyd出演了哪些电影，这些电影分别属于什么类型？显示完整路径。,"g.V().has('Person', 'name', 'Harry Lloyd').out('ACTED_IN').out('HAS_GENRE').path().by('name').by('title').by('name')"
列出演员Harry Lloyd参演影片的类型信息，要求包含从演员到类型的完整路径关系。,"g.V().has('Person', 'name', 'Harry Lloyd').out('ACTED_IN').out('HAS_GENRE').path().by('name').by('title').by('name')"
展示Harry Lloyd演过的所有电影及其对应的电影类型，需要呈现完整的关联路径。,"g.V().has('Person', 'name', 'Harry Lloyd').out('ACTED_IN').out('HAS_GENRE').path().by('name').by('title').by('name')"
列出 Rob Riggle 参演的所有超过 150 分钟的电影名称和对应时长。,"g.V().has('Person', 'name', 'Rob Riggle').out('ACTED_IN').has('duration', gt(150)).valueMap('title', 'duration')"
Rob Riggle 演了哪些时长在 150 分钟以上的影片？告诉我片名和具体片长。,"g.V().has('Person', 'name', 'Rob Riggle').out('ACTED_IN').has('duration', gt(150)).valueMap('title', 'duration')"
查询 Rob Riggle 主演的电影中片长大于 150 分钟的作品，返回片名和时长信息。,"g.V().has('Person', 'name', 'Rob Riggle').out('ACTED_IN').has('duration', gt(150)).valueMap('title', 'duration')"
Joss Whedon 导演了多少部作品？,"g.V().has('Person', 'name', 'Joss Whedon').out('DIRECTED').count()"
统计 Joss Whedon 作为导演参与的项目总数。,"g.V().has('Person', 'name', 'Joss Whedon').out('DIRECTED').count()"
有多少部电影或剧集是由 Joss Whedon 执导的？,"g.V().has('Person', 'name', 'Joss Whedon').out('DIRECTED').count()"
电影《Frozen》的时长是多少？,"g.V().has('Movie', 'title', 'Frozen').values('duration')"
查询《Frozen》这部电影的播放时长。,"g.V().has('Movie', 'title', 'Frozen').values('duration')"
告诉我 Movie 类型中标题为 'Frozen' 的 duration 属性值。,"g.V().has('Movie', 'title', 'Frozen').values('duration')"
列出 Liam Neeson 作为导演执导的所有电影及其属性,"g.V().has('Person', 'name', 'Liam Neeson').out('DIRECTED').elementMap()"
Liam Neeson 导演了哪些作品？请显示这些作品的完整信息,"g.V().has('Person', 'name', 'Liam Neeson').out('DIRECTED').elementMap()"
查询由 Liam Neeson 执导的实体，并返回它们的全部属性,"g.V().has('Person', 'name', 'Liam Neeson').out('DIRECTED').elementMap()"
James Eckhouse 执导了哪些作品？,"g.V().has('Person', 'name', 'James Eckhouse').out('DIRECTED').elementMap()"
哪些实体是通过 DIRECTED 关系与 James Eckhouse 相连的？,"g.V().has('Person', 'name', 'James Eckhouse').out('DIRECTED').elementMap()"
查询由 James Eckhouse 担任导演的所有图节点信息。,"g.V().has('Person', 'name', 'James Eckhouse').out('DIRECTED').elementMap()"
找出 John Rhys-Davies 参演过的所有电影或作品。,"g.V().has('Person', 'name', 'John Rhys-Davies').out('ACTED_IN').elementMap()"
John Rhys-Davies 出演了哪些影视作品？请列出详细信息。,"g.V().has('Person', 'name', 'John Rhys-Davies').out('ACTED_IN').elementMap()"
查询演员 John Rhys-Davies 参与演出的所有实体及其属性。,"g.V().has('Person', 'name', 'John Rhys-Davies').out('ACTED_IN').elementMap()"
Gemma Arterton 作为导演执导了多少部作品？  ,"g.V().has('Person', 'name', 'Gemma Arterton').out('DIRECTED').count()"
统计名为 Gemma Arterton 的人通过 DIRECTED 关系连接了多少个节点？  ,"g.V().has('Person', 'name', 'Gemma Arterton').out('DIRECTED').count()"
有多少实体是通过 DIRECTED 关系从 Gemma Arterton (Person) 出发的？,"g.V().has('Person', 'name', 'Gemma Arterton').out('DIRECTED').count()"
列出 Lana Wachowski 参演的所有超过90分钟的电影名称和片长。,"g.V().has('Person', 'name', 'Lana Wachowski').out('ACTED_IN').has('duration', gt(90)).valueMap('title', 'duration')"
哪些由 Lana Wachowski 出演的电影时长大于90分钟？请提供片名和时长信息。,"g.V().has('Person', 'name', 'Lana Wachowski').out('ACTED_IN').has('duration', gt(90)).valueMap('title', 'duration')"
查询 Lana Wachowski 主演的影片中，放映时间超过一个半小时的作品标题及其具体时长。,"g.V().has('Person', 'name', 'Lana Wachowski').out('ACTED_IN').has('duration', gt(90)).valueMap('title', 'duration')"
哪些实体通过 'ACTED_IN' 关系与名为 'Irvin Kershner' 的人相连？,"g.V().has('Person', 'name', 'Irvin Kershner').out('ACTED_IN').elementMap()"
'Irvin Kershner' 出演了哪些作品？请列出所有相关信息。,"g.V().has('Person', 'name', 'Irvin Kershner').out('ACTED_IN').elementMap()"
展示所有 'Irvin Kershner' 以演员身份参与的节点及其属性。,"g.V().has('Person', 'name', 'Irvin Kershner').out('ACTED_IN').elementMap()"
列出 Eli Wallach 参演的所有时长超过 150 分钟的电影名称和片长信息,"g.V().has('Person', 'name', 'Eli Wallach').out('ACTED_IN').has('duration', gt(150)).valueMap('title', 'duration')"
Eli Wallach 演过哪些电影时长超过两个半小时？请显示片名和具体时长,"g.V().has('Person', 'name', 'Eli Wallach').out('ACTED_IN').has('duration', gt(150)).valueMap('title', 'duration')"
给我 Eli Wallach 主演的电影中片长大于 150 分钟的影片标题和持续时间,"g.V().has('Person', 'name', 'Eli Wallach').out('ACTED_IN').has('duration', gt(150)).valueMap('title', 'duration')"
Bernard Hill 出演了哪些电影或电视作品？,"g.V().has('Person', 'name', 'Bernard Hill').out('ACTED_IN').elementMap()"
列出所有由 Bernard Hill 参演的作品信息。,"g.V().has('Person', 'name', 'Bernard Hill').out('ACTED_IN').elementMap()"
哪些影视作品中有 Bernard Hill 的演出？,"g.V().has('Person', 'name', 'Bernard Hill').out('ACTED_IN').elementMap()"
电影《阿甘正传》的时长是多少？,"g.V().has('Movie', 'title', 'Forrest Gump').values('duration')"
查询《阿甘正传》这部电影的播放时长,"g.V().has('Movie', 'title', 'Forrest Gump').values('duration')"
告诉我Movie类型中标题为'Forrest Gump'的duration属性值,"g.V().has('Movie', 'title', 'Forrest Gump').values('duration')"
哪些电影或作品是由 Carrie-Anne Moss 出演的？,"g.V().has('Person', 'name', 'Carrie-Anne Moss').out('ACTED_IN').elementMap()"
Carrie-Anne Moss 参演过哪些影视作品？,"g.V().has('Person', 'name', 'Carrie-Anne Moss').out('ACTED_IN').elementMap()"
查询 Carrie-Anne Moss 作为演员参与的所有项目。,"g.V().has('Person', 'name', 'Carrie-Anne Moss').out('ACTED_IN').elementMap()"
获取名为'Ritchie Coster'的Person实体的名称属性是什么？,"g.V().has('Person', 'name', 'Ritchie Coster').values('name')"
查询人物Ritchie Coster的姓名信息。,"g.V().has('Person', 'name', 'Ritchie Coster').values('name')"
请告诉我类型为Person且名字是Ritchie Coster的节点的name值。,"g.V().has('Person', 'name', 'Ritchie Coster').values('name')"
哪些电影类型与《黑客帝国2：重装上阵》相关联？,"g.V().has('Movie', 'title', 'The Matrix Reloaded').out('HAS_GENRE').elementMap()"
《黑客帝国2：重装上阵》这部电影属于哪些类型分类？,"g.V().has('Movie', 'title', 'The Matrix Reloaded').out('HAS_GENRE').elementMap()"
查询《黑客帝国2：重装上阵》所拥有的所有影片类型。,"g.V().has('Movie', 'title', 'The Matrix Reloaded').out('HAS_GENRE').elementMap()"
哪些电影或项目是由 Ben Mendelsohn 出演的？,"g.V().has('Person', 'name', 'Ben Mendelsohn').out('ACTED_IN').elementMap()"
Ben Mendelsohn 参演了哪些作品？请列出所有相关信息。,"g.V().has('Person', 'name', 'Ben Mendelsohn').out('ACTED_IN').elementMap()"
查询演员 Ben Mendelsohn 参与演出的所有实体及其属性。,"g.V().has('Person', 'name', 'Ben Mendelsohn').out('ACTED_IN').elementMap()"
列出 Joss Whedon 参演且片长超过两个半小时的电影名称和时长信息。,"g.V().has('Person', 'name', 'Joss Whedon').out('ACTED_IN').has('duration', gt(150)).valueMap('title', 'duration')"
哪些由 Joss Whedon 出演的影片时长超过了 150 分钟？请提供片名和具体时长。,"g.V().has('Person', 'name', 'Joss Whedon').out('ACTED_IN').has('duration', gt(150)).valueMap('title', 'duration')"
查询 Joss Whedon 主演的电影中，哪些电影的播放时间大于 150 分钟，并显示这些电影的标题和时长数据。,"g.V().has('Person', 'name', 'Joss Whedon').out('ACTED_IN').has('duration', gt(150)).valueMap('title', 'duration')"
获取名为'Emily Mortimer'的Person类型实体的名称属性是什么？,"g.V().has('Person', 'name', 'Emily Mortimer').values('name')"
查询人物Emily Mortimer的姓名信息。,"g.V().has('Person', 'name', 'Emily Mortimer').values('name')"
请返回Person类别中name字段等于Emily Mortimer的记录所对应的名称值。,"g.V().has('Person', 'name', 'Emily Mortimer').values('name')"
找出电影《指环王：护戒使者》所属的所有电影类型有哪些？,"g.V().has('Movie', 'title', 'The Lord of the Rings: The Fellowship of the Ring').out('HAS_GENRE').elementMap()"
《指环王：护戒使者》这部电影被归类到哪些类型下面？,"g.V().has('Movie', 'title', 'The Lord of the Rings: The Fellowship of the Ring').out('HAS_GENRE').elementMap()"
查询《指环王：护戒使者》这部影片关联了哪些电影类型？,"g.V().has('Movie', 'title', 'The Lord of the Rings: The Fellowship of the Ring').out('HAS_GENRE').elementMap()"
列出 Lana Wachowski 出演过的所有电影，并显示这些电影分别属于什么类型，同时展示完整的关联路径。,"g.V().has('Person', 'name', 'Lana Wachowski').out('ACTED_IN').out('HAS_GENRE').path().by('name').by('title').by('name')"
Lana Wachowski 参演的电影涉及哪些电影类别？请把从演员到类型的完整路径信息都呈现出来。,"g.V().has('Person', 'name', 'Lana Wachowski').out('ACTED_IN').out('HAS_GENRE').path().by('name').by('title').by('name')"
展示演员 Lana Wachowski 参演影片的类型归属情况，要求包含从演员到类型的完整路径细节。,"g.V().has('Person', 'name', 'Lana Wachowski').out('ACTED_IN').out('HAS_GENRE').path().by('name').by('title').by('name')"
展示 Jack Nicholson 出演过的电影涉及的所有电影类型及其完整路径。  ,"g.V().has('Person', 'name', 'Jack Nicholson').out('ACTED_IN').out('HAS_GENRE').path().by('name').by('title').by('name')"
列出演员 Jack Nicholson 参演影片的所属类型，并显示从演员到类型的完整关系路径。  ,"g.V().has('Person', 'name', 'Jack Nicholson').out('ACTED_IN').out('HAS_GENRE').path().by('name').by('title').by('name')"
Jack Nicholson 演过的电影分别属于哪些类型？要求返回包含演员、电影和类型名称的完整路径信息。,"g.V().has('Person', 'name', 'Jack Nicholson').out('ACTED_IN').out('HAS_GENRE').path().by('name').by('title').by('name')"
有多少部电影是由 Nicholas Pileggi 执导的？,"g.V().has('Person', 'name', 'Nicholas Pileggi').out('DIRECTED').count()"
Nicholas Pileggi 作为导演参与了多少个项目？,"g.V().has('Person', 'name', 'Nicholas Pileggi').out('DIRECTED').count()"
统计 Nicholas Pileggi 执导的作品总数。,"g.V().has('Person', 'name', 'Nicholas Pileggi').out('DIRECTED').count()"
列出 Louis C.K. 出演过的电影所涉及的所有电影类型，并显示完整的关联路径  ,"g.V().has('Person', 'name', 'Louis C.K.').out('ACTED_IN').out('HAS_GENRE').path().by('name').by('title').by('name')"
Louis C.K. 参演了哪些电影？这些电影分别属于什么类型？请给出完整的路径信息  ,"g.V().has('Person', 'name', 'Louis C.K.').out('ACTED_IN').out('HAS_GENRE').path().by('name').by('title').by('name')"
展示演员 Louis C.K. 的电影作品与其对应类型的完整关系路径,"g.V().has('Person', 'name', 'Louis C.K.').out('ACTED_IN').out('HAS_GENRE').path().by('name').by('title').by('name')"
有多少个实体是通过 'DIRECTED' 关系从 'Will Sampson' (Person) 出发的？,"g.V().has('Person', 'name', 'Will Sampson').out('DIRECTED').count()"
'Will Sampson' 这个人作为导演直接关联了多少部作品？,"g.V().has('Person', 'name', 'Will Sampson').out('DIRECTED').count()"
统计名为 'Will Sampson' 的人通过 DIRECTED 边连接到的顶点总数。,"g.V().has('Person', 'name', 'Will Sampson').out('DIRECTED').count()"
"""The Matrix Reloaded""这部电影的标题是什么？","g.V().has('Movie', 'title', 'The Matrix Reloaded').values('title')"
请查询电影《The Matrix Reloaded》的title属性值。,"g.V().has('Movie', 'title', 'The Matrix Reloaded').values('title')"
"获取Movie类型中标题为""The Matrix Reloaded""的节点的title字段内容。","g.V().has('Movie', 'title', 'The Matrix Reloaded').values('title')"
"""Gravity""这部电影有多少种不同的类型标签？","g.V().has('Movie', 'title', 'Gravity').out('HAS_GENRE').count()"
统计与电影《Gravity》关联的流派数量。,"g.V().has('Movie', 'title', 'Gravity').out('HAS_GENRE').count()"
查询《Gravity》这部影片被划分到多少个电影类别中？,"g.V().has('Movie', 'title', 'Gravity').out('HAS_GENRE').count()"
'The Dark Knight Rises' 这部电影关联了多少种不同的电影类型？,"g.V().has('Movie', 'title', 'The Dark Knight Rises').out('HAS_GENRE').count()"
统计《黑暗骑士崛起》这部影片拥有的所有类型标签的数量。,"g.V().has('Movie', 'title', 'The Dark Knight Rises').out('HAS_GENRE').count()"
"有多少个电影类型被标记在""黑暗骑士崛起""这部电影上？","g.V().has('Movie', 'title', 'The Dark Knight Rises').out('HAS_GENRE').count()"
展示演员 Philip Seymour Hoffman 出演过的电影涉及的所有电影类型及其完整路径。,"g.V().has('Person', 'name', 'Philip Seymour Hoffman').out('ACTED_IN').out('HAS_GENRE').path().by('name').by('title').by('name')"
Philip Seymour Hoffman 参演了哪些类型的电影？请给出从演员到类型的完整关系路径。,"g.V().has('Person', 'name', 'Philip Seymour Hoffman').out('ACTED_IN').out('HAS_GENRE').path().by('name').by('title').by('name')"
要查看 Philip Seymour Hoffman 主演电影的类型分布，请提供从演员到电影再到类型的完整遍历路径。,"g.V().has('Person', 'name', 'Philip Seymour Hoffman').out('ACTED_IN').out('HAS_GENRE').path().by('name').by('title').by('name')"
有多少部电影是由'E. G. Marshall'执导的？  ,"g.V().has('Person', 'name', 'E. G. Marshall').out('DIRECTED').count()"
'E. G. Marshall'作为导演参与了多少个项目？  ,"g.V().has('Person', 'name', 'E. G. Marshall').out('DIRECTED').count()"
统计'E. G. Marshall'执导的作品总数。,"g.V().has('Person', 'name', 'E. G. Marshall').out('DIRECTED').count()"
克林特·伊斯特伍德演过的电影涉及哪些类型？把演员、电影和类型的路径都列出来。  ,"g.V().has('Person', 'name', 'Clint Eastwood').out('ACTED_IN').out('HAS_GENRE').path().by('name').by('title').by('name')"
展示克林特·伊斯特伍德出演影片的所属类别，要求包含完整的关联路径信息。  ,"g.V().has('Person', 'name', 'Clint Eastwood').out('ACTED_IN').out('HAS_GENRE').path().by('name').by('title').by('name')"
哪些电影类型与克林特·伊斯特伍德的演艺作品相关联？请提供从演员到类型的完整路径细节。,"g.V().has('Person', 'name', 'Clint Eastwood').out('ACTED_IN').out('HAS_GENRE').path().by('name').by('title').by('name')"
乔治·卢卡斯出演的电影涉及哪些类型？请列出完整的路径信息。,"g.V().has('Person', 'name', 'George Lucas').out('ACTED_IN').out('HAS_GENRE').path().by('name').by('title').by('name')"
展示乔治·卢卡斯参演影片到其所属类型的完整关系路径。,"g.V().has('Person', 'name', 'George Lucas').out('ACTED_IN').out('HAS_GENRE').path().by('name').by('title').by('name')"
列出导演乔治·卢卡斯作为演员出演过的所有电影类型，并显示从演员到类型的完整路径。,"g.V().has('Person', 'name', 'George Lucas').out('ACTED_IN').out('HAS_GENRE').path().by('name').by('title').by('name')"
Miloš Forman 执导了多少部作品？,"g.V().has('Person', 'name', 'Miloš Forman').out('DIRECTED').count()"
统计 Miloš Forman 作为导演关联的电影总数。,"g.V().has('Person', 'name', 'Miloš Forman').out('DIRECTED').count()"
有多少部电影是由 Miloš Forman 导演的？,"g.V().has('Person', 'name', 'Miloš Forman').out('DIRECTED').count()"
"""电影《不可触碰》的宣传标语是什么？""  ","g.V().has('Movie', 'title', 'The Untouchables').values('tagline')"
"""请告诉我《The Untouchables》这部影片的tagline内容。""  ","g.V().has('Movie', 'title', 'The Untouchables').values('tagline')"
"""查询类型为Movie、标题叫'The Untouchables'的实体的tagline属性值。""","g.V().has('Movie', 'title', 'The Untouchables').values('tagline')"
Gary Oldman出演了哪些电影或作品？,"g.V().has('Person', 'name', 'Gary Oldman').out('ACTED_IN').elementMap()"
列出Gary Oldman作为演员参与的所有项目。,"g.V().has('Person', 'name', 'Gary Oldman').out('ACTED_IN').elementMap()"
哪些作品中有Gary Oldman的演出？,"g.V().has('Person', 'name', 'Gary Oldman').out('ACTED_IN').elementMap()"
哪些电影是由 Julia Sweeney 出演且片长超过 150 分钟的，请列出片名和时长？,"g.V().has('Person', 'name', 'Julia Sweeney').out('ACTED_IN').has('duration', gt(150)).valueMap('title', 'duration')"
Julia Sweeney 演过哪些时长超过两个半小时的电影？告诉我片名和具体时长。,"g.V().has('Person', 'name', 'Julia Sweeney').out('ACTED_IN').has('duration', gt(150)).valueMap('title', 'duration')"
请查询 Julia Sweeney 主演的电影中，哪些的播放时间超过 150 分钟，并显示这些电影的标题和时长信息。,"g.V().has('Person', 'name', 'Julia Sweeney').out('ACTED_IN').has('duration', gt(150)).valueMap('title', 'duration')"
Max Charles出演了哪些作品？,"g.V().has('Person', 'name', 'Max Charles').out('ACTED_IN').elementMap()"
哪些实体是通过Max Charles的参演关系连接的？,"g.V().has('Person', 'name', 'Max Charles').out('ACTED_IN').elementMap()"
列出所有由Max Charles参演的电影或节目。,"g.V().has('Person', 'name', 'Max Charles').out('ACTED_IN').elementMap()"
给我找出尼古拉斯·凯奇出演的那些片长超过90分钟的电影名称和时长信息,"g.V().has('Person', 'name', 'Nicolas Cage').out('ACTED_IN').has('duration', gt(90)).valueMap('title', 'duration')"
查询尼古拉斯·凯奇主演的影片中，哪些电影的播放时长超过了90分钟？需要显示片名和具体时长,"g.V().has('Person', 'name', 'Nicolas Cage').out('ACTED_IN').has('duration', gt(90)).valueMap('title', 'duration')"
列出所有由尼古拉斯·凯奇饰演且时长在90分钟以上的电影，包括它们的名称和持续时间,"g.V().has('Person', 'name', 'Nicolas Cage').out('ACTED_IN').has('duration', gt(90)).valueMap('title', 'duration')"
Joseph Gordon-Levitt 导演了多少部作品？,"g.V().has('Person', 'name', 'Joseph Gordon-Levitt').out('DIRECTED').count()"
有多少部电影是由 Joseph Gordon-Levitt 执导的？,"g.V().has('Person', 'name', 'Joseph Gordon-Levitt').out('DIRECTED').count()"
统计 Joseph Gordon-Levitt 作为导演关联的作品总数。,"g.V().has('Person', 'name', 'Joseph Gordon-Levitt').out('DIRECTED').count()"
列出 Christopher Walken 出演过的电影涉及的所有类型，并显示完整路径。  ,"g.V().has('Person', 'name', 'Christopher Walken').out('ACTED_IN').out('HAS_GENRE').path().by('name').by('title').by('name')"
Christopher Walken 演过哪些类型的电影？请给出从演员到类型的完整关系路径。  ,"g.V().has('Person', 'name', 'Christopher Walken').out('ACTED_IN').out('HAS_GENRE').path().by('name').by('title').by('name')"
展示 Christopher Walken 参演影片与其所属电影类型之间的完整关联路径。,"g.V().has('Person', 'name', 'Christopher Walken').out('ACTED_IN').out('HAS_GENRE').path().by('name').by('title').by('name')"
列出马丁·斯科塞斯参演且片长超过90分钟的电影名称和时长。,"g.V().has('Person', 'name', 'Martin Scorsese').out('ACTED_IN').has('duration', gt(90)).valueMap('title', 'duration')"
马丁·斯科塞斯演过哪些时长超过一个半小时的影片？请提供片名和具体时长。,"g.V().has('Person', 'name', 'Martin Scorsese').out('ACTED_IN').has('duration', gt(90)).valueMap('title', 'duration')"
给我找出由马丁·斯科塞斯出演的那些电影，要求时长大于90分钟，并显示它们的片名和时长信息。,"g.V().has('Person', 'name', 'Martin Scorsese').out('ACTED_IN').has('duration', gt(90)).valueMap('title', 'duration')"
展示 Elijah Wood出演过的电影所属的类型及其完整路径  ,"g.V().has('Person', 'name', 'Elijah Wood').out('ACTED_IN').out('HAS_GENRE').path().by('name').by('title').by('name')"
Elijah Wood参演了哪些电影？这些电影分别属于什么类型？请给出完整路径。  ,"g.V().has('Person', 'name', 'Elijah Wood').out('ACTED_IN').out('HAS_GENRE').path().by('name').by('title').by('name')"
列出演员Elijah Wood所有参演影片的类型信息，包括从演员到类型的完整关系路径,"g.V().has('Person', 'name', 'Elijah Wood').out('ACTED_IN').out('HAS_GENRE').path().by('name').by('title').by('name')"
列出 Ming-Na Wen 参演的所有超过 90 分钟的电影名称和对应时长。,"g.V().has('Person', 'name', 'Ming-Na Wen').out('ACTED_IN').has('duration', gt(90)).valueMap('title', 'duration')"
Ming-Na Wen 演过哪些时长大于 90 分钟的电影？请显示片名和具体时长。,"g.V().has('Person', 'name', 'Ming-Na Wen').out('ACTED_IN').has('duration', gt(90)).valueMap('title', 'duration')"
查询 Ming-Na Wen 主演的电影中，哪些影片时长超过了一个半小时，返回这些影片的标题和持续时间。,"g.V().has('Person', 'name', 'Ming-Na Wen').out('ACTED_IN').has('duration', gt(90)).valueMap('title', 'duration')"
Warren Brown出演的电影涉及哪些类型？请显示完整的关联路径。  ,"g.V().has('Person', 'name', 'Warren Brown').out('ACTED_IN').out('HAS_GENRE').path().by('name').by('title').by('name')"
列出演员Warren Brown参演影片的所有电影类型，并展示从演员到类型的完整路径。  ,"g.V().has('Person', 'name', 'Warren Brown').out('ACTED_IN').out('HAS_GENRE').path().by('name').by('title').by('name')"
展示Warren Brown演过的电影所属的各个类型，包括中间经过的电影节点信息。,"g.V().has('Person', 'name', 'Warren Brown').out('ACTED_IN').out('HAS_GENRE').path().by('name').by('title').by('name')"
"""黑客帝国3：矩阵革命""这部电影的标题是什么？","g.V().has('Movie', 'title', 'The Matrix Revolutions').values('title')"
获取电影'The Matrix Revolutions'的title属性值。,"g.V().has('Movie', 'title', 'The Matrix Revolutions').values('title')"
查询图数据库中名为'The Matrix Revolutions'的Movie顶点，返回其标题内容。,"g.V().has('Movie', 'title', 'The Matrix Revolutions').values('title')"
列出 Roger Corman 参演且片长超过一个半小时的电影名称和时长信息。,"g.V().has('Person', 'name', 'Roger Corman').out('ACTED_IN').has('duration', gt(90)).valueMap('title', 'duration')"
Roger Corman 演了哪些时长在 90 分钟以上的电影？显示片名和具体片长。,"g.V().has('Person', 'name', 'Roger Corman').out('ACTED_IN').has('duration', gt(90)).valueMap('title', 'duration')"
查询由 Roger Corman 出演的电影中，哪些影片的播放时间超过了 90 分钟，并返回这些影片的标题和时长数据。,"g.V().has('Person', 'name', 'Roger Corman').out('ACTED_IN').has('duration', gt(90)).valueMap('title', 'duration')"
找出电影《国王的演讲》关联了多少种不同类型的影片类别？,"g.V().has('Movie', 'title', 'The King\'s Speech').out('HAS_GENRE').count()"
《国王的演讲》这部电影被划分到几个不同的流派下？,"g.V().has('Movie', 'title', 'The King\'s Speech').out('HAS_GENRE').count()"
统计与《国王的演讲》通过HAS_GENRE关系相连的节点总数是多少？,"g.V().has('Movie', 'title', 'The King\'s Speech').out('HAS_GENRE').count()"
展示 Jean Dujardin 出演影片所对应的电影类型及其完整路径关系  ,"g.V().has('Person', 'name', 'Jean Dujardin').out('ACTED_IN').out('HAS_GENRE').path().by('name').by('title').by('name')"
Jean Dujardin 演过哪些电影？这些电影分别属于什么类型？请给出完整的关联路径。  ,"g.V().has('Person', 'name', 'Jean Dujardin').out('ACTED_IN').out('HAS_GENRE').path().by('name').by('title').by('name')"
查询演员 Jean Dujardin 参演作品到电影类型的完整路径信息，包含电影名称和类型名称,"g.V().has('Person', 'name', 'Jean Dujardin').out('ACTED_IN').out('HAS_GENRE').path().by('name').by('title').by('name')"
找出电影《星球大战V：帝国反击战》所属的所有类型有哪些？,"g.V().has('Movie', 'title', 'Star Wars: Episode V - The Empire Strikes Back').out('HAS_GENRE').elementMap()"
《星球大战V：帝国反击战》这部电影被归类为哪些电影类型？,"g.V().has('Movie', 'title', 'Star Wars: Episode V - The Empire Strikes Back').out('HAS_GENRE').elementMap()"
查询与《星球大战V：帝国反击战》通过HAS_GENRE关系关联的所有类型标签。,"g.V().has('Movie', 'title', 'Star Wars: Episode V - The Empire Strikes Back').out('HAS_GENRE').elementMap()"
有多少种电影类型与《黑客帝国》相关联？,"g.V().has('Movie', 'title', 'The Matrix').out('HAS_GENRE').count()"
《黑客帝国》这部电影被划分到多少个不同的类型类别？,"g.V().has('Movie', 'title', 'The Matrix').out('HAS_GENRE').count()"
统计《黑客帝国》拥有的所有电影类型数量。,"g.V().has('Movie', 'title', 'The Matrix').out('HAS_GENRE').count()"
哪些电影是由 Kenny Baker 出演且片长超过 90 分钟的，并列出它们的片名和时长？,"g.V().has('Person', 'name', 'Kenny Baker').out('ACTED_IN').has('duration', gt(90)).valueMap('title', 'duration')"
查询 Kenny Baker 参演的所有时长大于 90 分钟的影片名称及其对应时长。,"g.V().has('Person', 'name', 'Kenny Baker').out('ACTED_IN').has('duration', gt(90)).valueMap('title', 'duration')"
找出演员 Kenny Baker 出演的超过 90 分钟的电影，显示每部电影的标题和具体时长。,"g.V().has('Person', 'name', 'Kenny Baker').out('ACTED_IN').has('duration', gt(90)).valueMap('title', 'duration')"
列出 Talisa Soto 参演的所有时长大于 90 分钟的电影名称和对应时长。,"g.V().has('Person', 'name', 'Talisa Soto').out('ACTED_IN').has('duration', gt(90)).valueMap('title', 'duration')"
哪些由 Talisa Soto 出演的影片时长超过了 90 分钟？请提供片名和具体时长。,"g.V().has('Person', 'name', 'Talisa Soto').out('ACTED_IN').has('duration', gt(90)).valueMap('title', 'duration')"
查询 Talisa Soto 主演的电影中，放映时间在 90 分钟以上的作品信息，包括片名和时长。,"g.V().has('Person', 'name', 'Talisa Soto').out('ACTED_IN').has('duration', gt(90)).valueMap('title', 'duration')"
Stanley Tucci 出演了多少部电影？  ,"g.V().has('Person', 'name', 'Stanley Tucci').out('ACTED_IN').count()"
统计名为 Stanley Tucci 的演员参与演出的作品总数。  ,"g.V().has('Person', 'name', 'Stanley Tucci').out('ACTED_IN').count()"
有多少个影视作品是由 Stanley Tucci 主演的？,"g.V().has('Person', 'name', 'Stanley Tucci').out('ACTED_IN').count()"
Jon Favreau的出生年份是什么？,"g.V().has('Person', 'name', 'Jon Favreau').values('born')"
Person类型中名为Jon Favreau的实体是在哪一年出生的？,"g.V().has('Person', 'name', 'Jon Favreau').values('born')"
查询人物Jon Favreau的出生日期信息。,"g.V().has('Person', 'name', 'Jon Favreau').values('born')"
展示演员 Michael Gordon 参演影片的所有电影类型及其完整路径。  ,"g.V().has('Person', 'name', 'Michael Gordon').out('ACTED_IN').out('HAS_GENRE').path().by('name').by('title').by('name')"
Michael Gordon 演过的电影涉及哪些类型？请列出从演员到类型的完整关系路径。  ,"g.V().has('Person', 'name', 'Michael Gordon').out('ACTED_IN').out('HAS_GENRE').path().by('name').by('title').by('name')"
请查询 Michael Gordon 出演的电影所属的各个类型，并返回包含演员、电影和类型的完整路径信息。,"g.V().has('Person', 'name', 'Michael Gordon').out('ACTED_IN').out('HAS_GENRE').path().by('name').by('title').by('name')"
哪些电影是由导演 George A. Romero 执导的？,"g.V().has('Person', 'name', 'George A. Romero').out('DIRECTED').elementMap()"
George A. Romero 作为导演指导过哪些作品？,"g.V().has('Person', 'name', 'George A. Romero').out('DIRECTED').elementMap()"
列出所有 George A. Romero 执导的影片信息。,"g.V().has('Person', 'name', 'George A. Romero').out('DIRECTED').elementMap()"
Laurence Fishburne 执导了哪些作品？  ,"g.V().has('Person', 'name', 'Laurence Fishburne').out('DIRECTED').elementMap()"
哪些实体是通过 DIRECTED 关系与 Laurence Fishburne 相连的？  ,"g.V().has('Person', 'name', 'Laurence Fishburne').out('DIRECTED').elementMap()"
请找出 Laurence Fishburne 作为导演所关联的所有图节点。,"g.V().has('Person', 'name', 'Laurence Fishburne').out('DIRECTED').elementMap()"
电影《迷失东京》的宣传标语是什么？,"g.V().has('Movie', 'title', 'Lost in Translation').values('tagline')"
《迷失东京》这部影片的tagline内容是什么？,"g.V().has('Movie', 'title', 'Lost in Translation').values('tagline')"
"请告诉我名为""Lost in Translation""的电影的tagline属性值。","g.V().has('Movie', 'title', 'Lost in Translation').values('tagline')"
展示 Robert Pine 出演过的电影涉及的所有电影类型，并给出完整路径  ,"g.V().has('Person', 'name', 'Robert Pine').out('ACTED_IN').out('HAS_GENRE').path().by('name').by('title').by('name')"
罗伯·派恩演过的影片分别属于什么类别？需要看到从演员到类型的完整关系路径  ,"g.V().has('Person', 'name', 'Robert Pine').out('ACTED_IN').out('HAS_GENRE').path().by('name').by('title').by('name')"
请列出演员 Robert Pine 参演作品的所有流派信息，要求包含从人物到类型的完整遍历路径,"g.V().has('Person', 'name', 'Robert Pine').out('ACTED_IN').out('HAS_GENRE').path().by('name').by('title').by('name')"
哪些电影或作品是由 E. G. Marshall 执导的？  ,"g.V().has('Person', 'name', 'E. G. Marshall').out('DIRECTED').elementMap()"
列出 E. G. Marshall 担任导演的所有关联实体。  ,"g.V().has('Person', 'name', 'E. G. Marshall').out('DIRECTED').elementMap()"
E. G. Marshall 导演了哪些内容，请展示其详细信息？,"g.V().has('Person', 'name', 'E. G. Marshall').out('DIRECTED').elementMap()"
"""教父2""这部电影的宣传语是什么？","g.V().has('Movie', 'title', 'The Godfather: Part II').values('tagline')"
查询电影《The Godfather: Part II》的标语内容。,"g.V().has('Movie', 'title', 'The Godfather: Part II').values('tagline')"
给我找出《The Godfather: Part II》这部影片的tagline属性值。,"g.V().has('Movie', 'title', 'The Godfather: Part II').values('tagline')"
Dominic Keating 演过的电影都涉及哪些电影类型？请显示完整的关联路径。  ,"g.V().has('Person', 'name', 'Dominic Keating').out('ACTED_IN').out('HAS_GENRE').path().by('name').by('title').by('name')"
列出演员 Dominic Keating 所有出演影片的类别，并展示从演员到类型的完整关系路径。  ,"g.V().has('Person', 'name', 'Dominic Keating').out('ACTED_IN').out('HAS_GENRE').path().by('name').by('title').by('name')"
查询 Dominic Keating 参演的电影所属的各个类型，同时返回演员、电影和类型之间的连接路径。,"g.V().has('Person', 'name', 'Dominic Keating').out('ACTED_IN').out('HAS_GENRE').path().by('name').by('title').by('name')"
哪些实体是由名为 'Ritchie Coster' 的人执导的？,"g.V().has('Person', 'name', 'Ritchie Coster').out('DIRECTED').elementMap()"
列出 'Ritchie Coster' 作为导演关联的所有节点信息。,"g.V().has('Person', 'name', 'Ritchie Coster').out('DIRECTED').elementMap()"
查询 'Ritchie Coster' 执导的所有对象及其属性。,"g.V().has('Person', 'name', 'Ritchie Coster').out('DIRECTED').elementMap()"
"""电影《The Monuments Men》的宣传标语是什么？""  ","g.V().has('Movie', 'title', 'The Monuments Men').values('tagline')"
"""请告诉我《The Monuments Men》这部影片的tagline内容。""  ","g.V().has('Movie', 'title', 'The Monuments Men').values('tagline')"
"""查询Movie类型中标题为'The Monuments Men'的tagline属性值。""","g.V().has('Movie', 'title', 'The Monuments Men').values('tagline')"
Brad Pitt 出演了哪些电影或作品？,"g.V().has('Person', 'name', 'Brad Pitt').out('ACTED_IN').elementMap()"
哪些影视作品是由 Brad Pitt 主演的？,"g.V().has('Person', 'name', 'Brad Pitt').out('ACTED_IN').elementMap()"
请列出 Brad Pitt 参演过的所有项目。,"g.V().has('Person', 'name', 'Brad Pitt').out('ACTED_IN').elementMap()"
